<?xml version="1.0" encoding="UTF-8"?>
<?xml-stylesheet type="text/xsl" href="project_2.xsl"?>
<beer_list>
	<beer>
		<brewery>Armadillo Ale Works</brewery>
		<brewery_city>Denton</brewery_city>
		<brewery_tour>No</brewery_tour>
		<beer_name>Brunch Money</beer_name>
		<style>Imperial Golden Stout</style>
		<available>Seasonally</available>
		<abv>10%</abv>
		<ibu>70</ibu>
		<flavors>dark chocolate, dark roasted coffee, vanilla, honey, caramel</flavors>
		<glass>Pint</glass>
		<pairs_with>chicken and waffles, blueberry cake, migas with chorizo, buttermilk biscuits with Southern-style chocolate gravy</pairs_with>
	</beer>
	<beer>
		<brewery>Armadillo Ale Works</brewery>
		<brewery_city>Denton</brewery_city>
		<brewery_tour>No</brewery_tour>
		<beer_name>Greenbelt Farmhouse Ale</beer_name>
		<style>American-Belgian Weizen hybrid</style>
		<available>Year Round</available>
		<abv>5.2%</abv>
		<ibu>20</ibu>
		<flavors>honey, citrus, pineapple, coriander, pepper</flavors>
		<glass> Weizen</glass>
		<pairs_with>goat cheese, Thai cuisine, berries</pairs_with>
	</beer>
	<beer>
		<brewery>Armadillo Ale Works</brewery>
		<brewery_city>Denton</brewery_city>
		<brewery_tour>No</brewery_tour>
		<beer_name>Quakertown Stout</beer_name>
		<style>Imperial Stout</style>
		<available>Year Round</available>
		<abv>9.22%</abv>
		<ibu>50</ibu>
		<flavors>coffee, chocolate, roasted nuts, oats</flavors>
		<glass>Pint</glass>
		<pairs_with>barbeque, bacon, steak, smoked gouda, chocolate cake</pairs_with>
	</beer>
	<beer>
		<brewery>Armadillo Ale Works</brewery>
		<brewery_city>Denton</brewery_city>
		<brewery_tour>No</brewery_tour>
		<beer_name>WunderMelon</beer_name>
		<style>Watermelon Kolsch</style>
		<available>Seasonally</available>
		<abv>5.2%</abv>
		<ibu>28</ibu>
		<flavors>tart fruit, floral crispiness</flavors>
		<glass>Flute</glass>
		<pairs_with>quiche, chile relleno, grilled fish, salted watermelon</pairs_with>
	</beer>
	<beer>
		<brewery>Audacity Brew House</brewery>
		<brewery_city>Denton</brewery_city>
		<brewery_tour>Yes</brewery_tour>
		<beer_name>Back Porch Summer Ale</beer_name>
		<style>Summer Ale</style>
		<available>Seasonally</available>
		<abv>5.2%</abv>
		<ibu>29</ibu>
		<flavors>pear, orange, spice, citrus</flavors>
		<glass>Pint</glass>
		<pairs_with>burgers, buffalo wings</pairs_with>
	</beer>
	<beer>
		<brewery>Audacity Brew House</brewery>
		<brewery_city>Denton</brewery_city>
		<brewery_tour>Yes</brewery_tour>
		<beer_name>Black Widow</beer_name>
		<style>Imperial Chocolate Stout</style>
		<available>Year Round</available>
		<abv>8.8%</abv>
		<ibu>40</ibu>
		<flavors>dark berry, roasted coffee, chocolate cake</flavors>
		<glass>Pint</glass>
		<pairs_with>aged gouda, dishes with brown, savory sauces</pairs_with>
	</beer>
	<beer>
		<brewery>Audacity Brew House</brewery>
		<brewery_city>Denton</brewery_city>
		<brewery_tour>Yes</brewery_tour>
		<beer_name>Bulletproof</beer_name>
		<style>Texas Pale Ale</style>
		<available>Year Round</available>
		<abv>5.2%</abv>
		<ibu>47</ibu>
		<flavors>grapefruit, honey</flavors>
		<glass>Pint</glass>
		<pairs_with>burgers, flan, bread pudding</pairs_with>
	</beer>
	<beer>
		<brewery>Audacity Brew House</brewery>
		<brewery_city>Denton</brewery_city>
		<brewery_tour>Yes</brewery_tour>
		<beer_name>Chai Lager Spiced</beer_name>
		<style>Munich Lager</style>
		<available>Seasonally</available>
		<abv>5.3%</abv>
		<ibu>28</ibu>
		<flavors>spice, herb</flavors>
		<glass>Pilsner</glass>
		<pairs_with>Italian dishes, sundried tomato</pairs_with>
	</beer>
	<beer>
		<brewery>Audacity Brew House</brewery>
		<brewery_city>Denton</brewery_city>
		<brewery_tour>Yes</brewery_tour>
		<beer_name>Cliff Diver Sour Beliner Weisse</beer_name>
		<style>Sour</style>
		<available>Seasonally</available>
		<abv>3.5%</abv>
		<ibu>2</ibu>
		<flavors>lemonade</flavors>
		<glass>Tulip</glass>
		<pairs_with>acidic foods like citrus and sour apples, civiche, fried green tomato</pairs_with>
	</beer>
	<beer>
		<brewery>Audacity Brew House</brewery>
		<brewery_city>Denton</brewery_city>
		<brewery_tour>Yes</brewery_tour>
		<beer_name>Dubbel Troubel Belgian Dubbel</beer_name>
		<style>Belgian Trappist</style>
		<available>Seasonally</available>
		<abv>7%</abv>
		<ibu>18</ibu>
		<flavors>fruit</flavors>
		<glass>Trappist</glass>
		<pairs_with>chocolate, coffee, fried meat</pairs_with>
	</beer>
	<beer>
		<brewery>Audacity Brew House</brewery>
		<brewery_city>Denton</brewery_city>
		<brewery_tour>Yes</brewery_tour>
		<beer_name>Evil Cream Soda</beer_name>
		<style>Spiced Ale</style>
		<available>Year Round</available>
		<abv>4.5%</abv>
		<ibu>18</ibu>
		<flavors>cream soda, sweet</flavors>
		<glass>Pint</glass>
		<pairs_with>desserts</pairs_with>
	</beer>
	<beer>
		<brewery>Audacity Brew House</brewery>
		<brewery_city>Denton</brewery_city>
		<brewery_tour>Yes</brewery_tour>
		<beer_name>Lil'd #2: Oaktopia Pecan Lager</beer_name>
		<style>Pecan Lager</style>
		<available>Seasonally</available>
		<abv>5.5%</abv>
		<ibu>22</ibu>
		<flavors>nutty, sweet</flavors>
		<glass>Pilsner</glass>
		<pairs_with>salmon, tuna, sweet sauces</pairs_with>
	</beer>
	<beer>
		<brewery>Audacity Brew House</brewery>
		<brewery_city>Denton</brewery_city>
		<brewery_tour>Yes</brewery_tour>
		<beer_name>Nemesis</beer_name>
		<style>India Pale Ale</style>
		<available>Year Round</available>
		<abv>7.2%</abv>
		<ibu>90</ibu>
		<flavors>floral, savory, lemon, dill, coconut</flavors>
		<glass>Spiegelau</glass>
		<pairs_with>spicy foods, carrot cake, gorgonzola</pairs_with>
	</beer>
	<beer>
		<brewery>Audacity Brew House</brewery>
		<brewery_city>Denton</brewery_city>
		<brewery_tour>Yes</brewery_tour>
		<beer_name>Repercussion</beer_name>
		<style>Amber Ale</style>
		<available>Year Round</available>
		<abv>5%</abv>
		<ibu>23</ibu>
		<flavors>berry, spiced fruit</flavors>
		<glass>Pint</glass>
		<pairs_with>rich, aromatic foods, chili, ribs, grilled meats</pairs_with>
	</beer>
	<beer>
		<brewery>Audacity Brew House</brewery>
		<brewery_city>Denton</brewery_city>
		<brewery_tour>Yes</brewery_tour>
		<beer_name>Scarecrow Heffeweizen</beer_name>
		<style>Hefeweizen</style>
		<available>Seasonally</available>
		<abv>5.1%</abv>
		<ibu>18</ibu>
		<flavors>plantain, clove</flavors>
		<glass>Weizen</glass>
		<pairs_with>light soups, salads, gruyere cheese, citrus dishes</pairs_with>
	</beer>
	<beer>
		<brewery>Audacity Brew House</brewery>
		<brewery_city>Denton</brewery_city>
		<brewery_tour>Yes</brewery_tour>
		<beer_name>Sunset Vienna Lager</beer_name>
		<style>Vienna-style Lager</style>
		<available>Year Round</available>
		<abv>4.5%</abv>
		<ibu>18</ibu>
		<flavors>malty, hoppy, cereal</flavors>
		<glass>Pilsner</glass>
		<pairs_with>lemongrass, ginger, garlic, spring rolls, salads</pairs_with>
	</beer>
	<beer>
		<brewery>Deep Ellum Brewing Co.</brewery>
		<brewery_city>Dallas</brewery_city>
		<brewery_tour>Yes</brewery_tour>
		<beer_name>Dallas Blonde</beer_name>
		<style>American Blonde Ale</style>
		<available>Year Round</available>
		<abv>5.2%</abv>
		<ibu>23</ibu>
		<flavors>citrus, floral</flavors>
		<glass>Pint</glass>
		<pairs_with>sweet, hot, spicy foods, Asian dishes</pairs_with>
	</beer>
	<beer>
		<brewery>Deep Ellum Brewing Co.</brewery>
		<brewery_city>Dallas</brewery_city>
		<brewery_tour>Yes</brewery_tour>
		<beer_name>Deep Ellum IPA</beer_name>
		<style>American Pale Ale</style>
		<available>Year Round</available>
		<abv>7%</abv>
		<ibu>70</ibu>
		<flavors>tropical fruit, citrus, pine, floral notes</flavors>
		<glass>Pint</glass>
		<pairs_with>spicy, smoky flavors, bleu cheese</pairs_with>
	</beer>
	<beer>
		<brewery>Deep Ellum Brewing Co.</brewery>
		<brewery_city>Dallas</brewery_city>
		<brewery_tour>Yes</brewery_tour>
		<beer_name>Deep Ellum Pale Ale</beer_name>
		<style>American Oatmal Pale Ale</style>
		<available>Year Round</available>
		<abv>6%</abv>
		<ibu>35</ibu>
		<flavors>malty, hoppy</flavors>
		<glass>Pint</glass>
		<pairs_with>heat-charred, smoky flavors, Stilton cheese</pairs_with>
	</beer>
	<beer>
		<brewery>Deep Ellum Brewing Co.</brewery>
		<brewery_city>Dallas</brewery_city>
		<brewery_tour>Yes</brewery_tour>
		<beer_name>Double Brown Stout</beer_name>
		<style>Baltic Porter</style>
		<available>Year Round</available>
		<abv>7%</abv>
		<ibu>27</ibu>
		<flavors>chocolate, dark dried fruit</flavors>
		<glass>Pint</glass>
		<pairs_with>smoked meats, chocolate and coffee flavored desserts, creamy cheeses</pairs_with>
	</beer>
	<beer>
		<brewery>Deep Ellum Brewing Co.</brewery>
		<brewery_city>Dallas</brewery_city>
		<brewery_tour>Yes</brewery_tour>
		<beer_name>Dream Crusher</beer_name>
		<style>Double India Pale Ale</style>
		<available>Year Round</available>
		<abv>10.4%</abv>
		<ibu>100+</ibu>
		<flavors>citrus, pine, fruit, floral notes</flavors>
		<glass>Pint</glass>
		<pairs_with>spicy dishes, curries, chocolate cake</pairs_with>
	</beer>
	<beer>
		<brewery>Deep Ellum Brewing Co.</brewery>
		<brewery_city>Dallas</brewery_city>
		<brewery_tour>Yes</brewery_tour>
		<beer_name>Neato Bandito</beer_name>
		<style>Imperial Mexican-style Lager</style>
		<available>Seasonally</available>
		<abv>6%</abv>
		<ibu>18</ibu>
		<flavors></flavors>
		<glass>Pint</glass>
		<pairs_with>Mexican food, burgers, grilled foods</pairs_with>
	</beer>
	<beer>
		<brewery>Lakewood Brewing Co.</brewery>
		<brewery_city>Garland</brewery_city>
		<brewery_tour>Yes</brewery_tour>
		<beer_name>French Quarter Temptress</beer_name>
		<style>Imperial Milk Stout</style>
		<available>Seasonally</available>
		<abv>9.1%</abv>
		<ibu>56</ibu>
		<flavors>vanilla, coffee, chicory, roasted marshmallow</flavors>
		<glass>Snifter</glass>
		<pairs_with>jambalaya, crème brulee, beignets
</pairs_with>
	</beer>
	<beer>
		<brewery>Lakewood Brewing Co.</brewery>
		<brewery_city>Garland</brewery_city>
		<brewery_tour>Yes</brewery_tour>
		<beer_name>Holiday Bonus</beer_name>
		<style>Robust Porter</style>
		<available>Seasonally</available>
		<abv>6.6%</abv>
		<ibu>41</ibu>
		<flavors>citrus, chocolate</flavors>
		<glass>pint</glass>
		<pairs_with>camembert, desserts</pairs_with>
	</beer>
	<beer>
		<brewery>Lakewood Brewing Co.</brewery>
		<brewery_city>Garland</brewery_city>
		<brewery_tour>Yes</brewery_tour>
		<beer_name>Hop Trapp</beer_name>
		<style>Belgian-style India Pale Ale</style>
		<available>Year Round</available>
		<abv>6.4%</abv>
		<ibu>55</ibu>
		<flavors>floral, bitter notes</flavors>
		<glass>Belgian Goblet</glass>
		<pairs_with>sharp cheddar, spicy foods</pairs_with>
	</beer>
	<beer>
		<brewery>Lakewood Brewing Co.</brewery>
		<brewery_city>Garland</brewery_city>
		<brewery_tour>Yes</brewery_tour>
		<beer_name>Hopochondria</beer_name>
		<style>Session IPA</style>
		<available>Year Round</available>
		<abv>3.5%</abv>
		<ibu>57</ibu>
		<flavors>citrus, floral, grassy, bitter</flavors>
		<glass>Spiegelau</glass>
		<pairs_with>white cheddar, hot wings</pairs_with>
	</beer>
	<beer>
		<brewery>Lakewood Brewing Co.</brewery>
		<brewery_city>Garland</brewery_city>
		<brewery_tour>Yes</brewery_tour>
		<beer_name>Lakewood Lager</beer_name>
		<style>Vienna-style Lager</style>
		<available>Year Round</available>
		<abv>4.6%</abv>
		<ibu>25</ibu>
		<flavors>caramel, malt, coppery pour</flavors>
		<glass>Stein</glass>
		<pairs_with>queso, grilled meats</pairs_with>
	</beer>
	<beer>	
		<brewery>Lakewood Brewing Co.</brewery>
		<brewery_city>Garland</brewery_city>
		<brewery_tour>Yes</brewery_tour>
		<beer_name>Mole Temptress</beer_name>
		<style>Imperial Milk Stout</style>
		<available>Seasonally</available>
		<abv>9.1%</abv>
		<ibu>56</ibu>
		<flavors>chocolate, slight heat from chiles</flavors>
		<glass>Snifter</glass>
		<pairs_with>tacos, tamales, flan</pairs_with>
	</beer>
	<beer>
		<brewery>Lakewood Brewing Co.</brewery>
		<brewery_city>Garland</brewery_city>
		<brewery_tour>Yes</brewery_tour>
		<beer_name>Punkel</beer_name>
		<style>Pumpkin Pie Dunkel</style>
		<available>Seasonally</available>
		<abv>5.5%</abv>
		<ibu>23</ibu>
		<flavors>toasted caramel, pumpkin pie</flavors>
		<glass>Mug</glass>
		<pairs_with>smoked gruyere, turkey legs</pairs_with>
	</beer>
	<beer>
		<brewery>Lakewood Brewing Co.</brewery>
		<brewery_city>Garland</brewery_city>
		<brewery_tour>Yes</brewery_tour>
		<beer_name>Raspberry Temptress</beer_name>
		<style>Imperial Milk Stout</style>
		<available>Seasonally</available>
		<abv>9.1%</abv>
		<ibu>56</ibu>
		<flavors>raspberry, fruit, dark chocolate</flavors>
		<glass>Snifter</glass>
		<pairs_with>chocolate, fresh berries</pairs_with>
	</beer>
	<beer>
		<brewery>Lakewood Brewing Co.</brewery>
		<brewery_city>Garland</brewery_city>
		<brewery_tour>Yes</brewery_tour>
		<beer_name>Rock Ryder</beer_name>
		<style>American Rye Wheat</style>
		<available>Year Round</available>
		<abv>4.8%</abv>
		<ibu>20</ibu>
		<flavors>citrus, peppery notes</flavors>
		<glass>Pint</glass>
		<pairs_with>goat cheese, crisp salads</pairs_with>
	</beer>
	<beer>
		<brewery>Lakewood Brewing Co.</brewery>
		<brewery_city>Garland</brewery_city>
		<brewery_tour>Yes</brewery_tour>
		<beer_name>The Temptress</beer_name>
		<style>Imperial Milk Stout</style>
		<available>Year Round</available>
		<abv>9.1%</abv>
		<ibu>56</ibu>
		<flavors>milk chocolate, caramel, vanilla</flavors>
		<glass>Snifter</glass>
		<pairs_with>bleu cheese, dark chocolate</pairs_with>
	</beer>
	<beer>
		<brewery>Lakewood Brewing Co.</brewery>
		<brewery_city>Garland</brewery_city>
		<brewery_tour>Yes</brewery_tour>
		<beer_name>Till and Toil</beer_name>
		<style>Saison</style>
		<available>Seasonally</available>
		<abv>7.1%</abv>
		<ibu>21</ibu>
		<flavors>fruity, tropical, tart</flavors>
		<glass>Tulip</glass>
		<pairs_with>aged fontina, roast chicken</pairs_with>
	</beer>
	<beer>
		<brewery>Lakewood Brewing Co.</brewery>
		<brewery_city>Garland</brewery_city>
		<brewery_tour>Yes</brewery_tour>
		<beer_name>Zomer</beer_name>
		<style>Bohemian-style Pilsner</style>
		<available>Seasonally</available>
		<abv>4.8%</abv>
		<ibu>34</ibu>
		<flavors>spicy bitterness, grassy finish</flavors>
		<glass>Pilsner</glass>
		<pairs_with>aged gouda, Tex-Mex</pairs_with>
	</beer>
	<beer>
		<brewery>Rahr and Sons Brewing Company</brewery>
		<brewery_city>Fort Worth</brewery_city>
		<brewery_tour>Yes</brewery_tour>
		<beer_name></beer_name>
		<style></style>
		<available></available>
		<abv></abv>
		<ibu></ibu>
		<flavors></flavors>
		<glass></glass>
		<pairs_with></pairs_with>
	</beer>
	<beer>
		<brewery>Rahr and Sons Brewing Company</brewery>
		<brewery_city>Fort Worth</brewery_city>
		<brewery_tour>Yes</brewery_tour>
		<beer_name>Angry Goat</beer_name>
		<style>Weizen Doppelbock</style>
		<available>Seasonally</available>
		<abv>8%</abv>
		<ibu>25</ibu>
		<flavors>dark malt, banana, cloves</flavors>
		<glass>Flaired Pilsner</glass>
		<pairs_with>tangy mustard, churros, vanilla ice cream</pairs_with>
	</beer>
	<beer>
		<brewery>Rahr and Sons Brewing Company</brewery>
		<brewery_city>Fort Worth</brewery_city>
		<brewery_tour>Yes</brewery_tour>
		<beer_name>Bourbon Barrel Aged Winter Warmer</beer_name>
		<style>Barrel Aged English Dark</style>
		<available>Seasonally</available>
		<abv>9%</abv>
		<ibu>44</ibu>
		<flavors>dark malt, chocolate</flavors>
		<glass>Snifter</glass>
		<pairs_with>game, pork, Snickers, havarti and Swiss cheeses</pairs_with>
	</beer>
	<beer>
		<brewery>Rahr and Sons Brewing Company</brewery>
		<brewery_city>Fort Worth</brewery_city>
		<brewery_tour>Yes</brewery_tour>
		<beer_name>Bucking Bock</beer_name>
		<style>German Spring Bock</style>
		<available>Seasonally</available>
		<abv>7%</abv>
		<ibu>34</ibu>
		<flavors>sharp maltiness, bready, touch of caramel</flavors>
		<glass>Pint</glass>
		<pairs_with>sausages, spicy Asian and fried foods</pairs_with>
	</beer>
	<beer>
		<brewery>Rahr and Sons Brewing Company</brewery>
		<brewery_city>Fort Worth</brewery_city>
		<brewery_tour>Yes</brewery_tour>
		<beer_name>Buffalo Butt</beer_name>
		<style>American Amber</style>
		<available>Year Round</available>
		<abv>5%</abv>
		<ibu>27</ibu>
		<flavors>caramel, light malt sweetness, spicy hops</flavors>
		<glass>Pint</glass>
		<pairs_with>Cajun and Mexican foods, roast, gruyere cheese</pairs_with>
	</beer>
	<beer>
		<brewery>Rahr and Sons Brewing Company</brewery>
		<brewery_city>Fort Worth</brewery_city>
		<brewery_tour>Yes</brewery_tour>
		<beer_name>DFW</beer_name>
		<style>Belgian-inspired Dubbel</style>
		<available>Seasonally</available>
		<abv>6.4%</abv>
		<ibu>20</ibu>
		<flavors>malty, sweet</flavors>
		<glass>Snifter</glass>
		<pairs_with>game, pork, sausage, sushi</pairs_with>
	</beer>
	<beer>
		<brewery>Rahr and Sons Brewing Company</brewery>
		<brewery_city>Fort Worth</brewery_city>
		<brewery_tour>Yes</brewery_tour>
		<beer_name>Drahthaar</beer_name>
		<style>Double India Pale Ale</style>
		<available>Seasonally</available>
		<abv>9.2%</abv>
		<ibu>85</ibu>
		<flavors>hoppy</flavors>
		<glass>Thistle</glass>
		<pairs_with>wild game, fried cheese, carrot cake</pairs_with>
	</beer>
	<beer>
		<brewery>Rahr and Sons Brewing Company</brewery>
		<brewery_city>Fort Worth</brewery_city>
		<brewery_tour>Yes</brewery_tour>
		<beer_name>Iron Thistle</beer_name>
		<style>Strong Scotch Ale</style>
		<available>Seasonally</available>
		<abv>8%</abv>
		<ibu>35</ibu>
		<flavors>deeply malty, caramel, light hops</flavors>
		<glass>Pint</glass>
		<pairs_with>grilled vegetables, aged gouda, brie</pairs_with>
	</beer>
	<beer>
		<brewery>Rahr and Sons Brewing Company</brewery>
		<brewery_city>Fort Worth</brewery_city>
		<brewery_tour>Yes</brewery_tour>
		<beer_name>Oktoberfest</beer_name>
		<style>German Style Oktoberfest/Marzen</style>
		<available>Seasonally</available>
		<abv>7%</abv>
		<ibu>27</ibu>
		<flavors>toasty, smooth, malty sweetness</flavors>
		<glass>Mug</glass>
		<pairs_with>German foods like pretzels and potato salad</pairs_with>
	</beer>
	<beer>
		<brewery>Rahr and Sons Brewing Company</brewery>
		<brewery_city>Fort Worth</brewery_city>
		<brewery_tour>Yes</brewery_tour>
		<beer_name>Pecker Wrecker</beer_name>
		<style>Imperial Pilsner</style>
		<available>Seasonally</available>
		<abv>8%</abv>
		<ibu>70</ibu>
		<flavors>bready</flavors>
		<glass>Flaired Pilsner</glass>
		<pairs_with>smoked salmon, spinach salad, Indian food</pairs_with>
	</beer>
	<beer>
		<brewery>Rahr and Sons Brewing Company</brewery>
		<brewery_city>Fort Worth</brewery_city>
		<brewery_tour>Yes</brewery_tour>
		<beer_name>Pride of Texas</beer_name>
		<style>American Pale Ale</style>
		<available>Year Round</available>
		<abv>5.8%</abv>
		<ibu>55</ibu>
		<flavors>tangerine, clean bitterness</flavors>
		<glass>Pint</glass>
		<pairs_with>wood-fired pizza, blackened fish</pairs_with>
	</beer>
	<beer>
		<brewery>Rahr and Sons Brewing Company</brewery>
		<brewery_city>Fort Worth</brewery_city>
		<brewery_tour>Yes</brewery_tour>
		<beer_name>Rahr's Blonde</beer_name>
		<style>Helles Lager</style>
		<available>Year Round</available>
		<abv>5%</abv>
		<ibu>20</ibu>
		<flavors>light malty sweetness, bready, restrained bitterness</flavors>
		<glass>Pilsner</glass>
		<pairs_with>pork, hot wings, Swiss and gouda cheeses</pairs_with>
	</beer>
	<beer>
		<brewery>Rahr and Sons Brewing Company</brewery>
		<brewery_city>Fort Worth</brewery_city>
		<brewery_tour>Yes</brewery_tour>
		<beer_name>Rahrzehnt</beer_name>
		<style>Imperial Chocolate Milk Stout</style>
		<available>Seasonally</available>
		<abv>9%</abv>
		<ibu>33</ibu>
		<flavors>chocolate</flavors>
		<glass>Pint</glass>
		<pairs_with>chocolate cake, brie, s'mores</pairs_with>
	</beer>
	<beer>
		<brewery>Rahr and Sons Brewing Company</brewery>
		<brewery_city>Fort Worth</brewery_city>
		<brewery_tour>Yes</brewery_tour>
		<beer_name>Regulator</beer_name>
		<style>German Doppelbock</style>
		<available>Seasonally</available>
		<abv>8.5%</abv>
		<ibu>30</ibu>
		<flavors>creamy, rich, intense malt up front, finishes with clean sweetness</flavors>
		<glass>German Krug</glass>
		<pairs_with>schnitzel, bratwurst, mustard, grilled meats</pairs_with>
	</beer>
	<beer>
		<brewery>Rahr and Sons Brewing Company</brewery>
		<brewery_city>Fort Worth</brewery_city>
		<brewery_tour>Yes</brewery_tour>
		<beer_name>Snowmageddon</beer_name>
		<style>Oatmeal Stout</style>
		<available>Seasonally</available>
		<abv>9%</abv>
		<ibu>55</ibu>
		<flavors>roasty, coffee, semi-sweet chocolate</flavors>
		<glass>Snifter</glass>
		<pairs_with>barbeque, beef, chocolate</pairs_with>
	</beer>
	<beer>
		<brewery>Rahr and Sons Brewing Company</brewery>
		<brewery_city>Fort Worth</brewery_city>
		<brewery_tour>Yes</brewery_tour>
		<beer_name>Stormcloud</beer_name>
		<style>India Pale Ale</style>
		<available>Year Round</available>
		<abv>6.8%</abv>
		<ibu>70</ibu>
		<flavors>assertive bitterness, light malt sweetness</flavors>
		<glass>Pint</glass>
		<pairs_with>spicy foods like Thai, Indian, and Mexican</pairs_with>
	</beer>
	<beer>
		<brewery>Rahr and Sons Brewing Company</brewery>
		<brewery_city>Fort Worth</brewery_city>
		<brewery_tour>Yes</brewery_tour>
		<beer_name>Summertime Wheat</beer_name>
		<style>German Wheat Ale</style>
		<available>Seasonally</available>
		<abv>6%</abv>
		<ibu>19</ibu>
		<flavors>wheaty, clove, bananas</flavors>
		<glass>Pint</glass>
		<pairs_with>roasted or grilled game or pork, Mexican food</pairs_with>
	</beer>
	<beer>
		<brewery>Rahr and Sons Brewing Company</brewery>
		<brewery_city>Fort Worth</brewery_city>
		<brewery_tour>Yes</brewery_tour>
		<beer_name>Tenderfoot</beer_name>
		<style>Barleywine Style Ale</style>
		<available>Seasonally</available>
		<abv>11.5%</abv>
		<ibu>80</ibu>
		<flavors>sweet maltiness</flavors>
		<glass>Snifter</glass>
		<pairs_with>apple pie, s'mores, meatloaf, grilled chicken</pairs_with>
	</beer>
	<beer>
		<brewery>Rahr and Sons Brewing Company</brewery>
		<brewery_city>Fort Worth</brewery_city>
		<brewery_tour>Yes</brewery_tour>
		<beer_name>Texas Red</beer_name>
		<style>Amber Lager</style>
		<available>Year Round</available>
		<abv>5%</abv>
		<ibu>27</ibu>
		<flavors>caramel, light malt sweetness, spicy hops</flavors>
		<glass>Pint</glass>
		<pairs_with>pizza, Cajun, Caribbean, Thai, and Indian foods</pairs_with>
	</beer>
	<beer>
		<brewery>Rahr and Sons Brewing Company</brewery>
		<brewery_city>Fort Worth</brewery_city>
		<brewery_tour>Yes</brewery_tour>
		<beer_name>Ugly Pug</beer_name>
		<style>Black Lager</style>
		<available>Year Round</available>
		<abv>5%</abv>
		<ibu>22</ibu>
		<flavors>bitter chocolate, coffee</flavors>
		<glass>Flaired Pilsner</glass>
		<pairs_with>roast beef, barbeque, fried chicken, chocolate</pairs_with>
	</beer>
	<beer>
		<brewery>Rahr and Sons Brewing Company</brewery>
		<brewery_city>Fort Worth</brewery_city>
		<brewery_tour>Yes</brewery_tour>
		<beer_name>Visionary</beer_name>
		<style>Rauchibier/Smoke Lager</style>
		<available>Seasonally</available>
		<abv>7.8%</abv>
		<ibu>23</ibu>
		<flavors>smoke</flavors>
		<glass>Flaired Pilsner</glass>
		<pairs_with>smoked sausage, barbeque, fried chicken</pairs_with>
	</beer>
	<beer>
		<brewery>Rahr and Sons Brewing Company</brewery>
		<brewery_city>Fort Worth</brewery_city>
		<brewery_tour>Yes</brewery_tour>
		<beer_name>Winter Warmer</beer_name>
		<style>English Dark Ale</style>
		<available>Seasonally</available>
		<abv>8%</abv>
		<ibu>44</ibu>
		<flavors>chocolate, roast, mild bitterness</flavors>
		<glass>Snifter</glass>
		<pairs_with>holiday foods, roast beef, potato salad</pairs_with>
	</beer>
	<beer>
		<brewery>Revolver Brewing</brewery>
		<brewery_city>Granbury</brewery_city>
		<brewery_tour>Yes</brewery_tour>
		<beer_name>Blood and Honey</beer_name>
		<style>American Wheat Ale</style>
		<available>Year Round</available>
		<abv>7%</abv>
		<ibu>20</ibu>
		<flavors>blood orange, honey</flavors>
		<glass>Weizen</glass>
		<pairs_with>light soups, vegetarian dishes, citrus</pairs_with>
	</beer>
	<beer>
		<brewery>Revolver Brewing</brewery>
		<brewery_city>Granbury</brewery_city>
		<brewery_tour>Yes</brewery_tour>
		<beer_name>Cinnamon Girl</beer_name>
		<style>Spiced American Red Ale</style>
		<available>Seasonally</available>
		<abv>6.5%</abv>
		<ibu>22</ibu>
		<flavors>cinnamon, black pepper, rose petals, floral notes</flavors>
		<glass>Pint</glass>
		<pairs_with>barbeque, chili, spicy foods</pairs_with>
	</beer>
	<beer>
		<brewery>Revolver Brewing</brewery>
		<brewery_city>Granbury</brewery_city>
		<brewery_tour>Yes</brewery_tour>
		<beer_name>High Brass</beer_name>
		<style>American Blonde Ale</style>
		<available>Year Round</available>
		<abv>6%</abv>
		<ibu>25</ibu>
		<flavors>caramel, malty</flavors>
		<glass>Pint</glass>
		<pairs_with>steaks, cheddar, spicy food</pairs_with>
	</beer>
	<beer>
		<brewery>Revolver Brewing</brewery>
		<brewery_city>Granbury</brewery_city>
		<brewery_tour>Yes</brewery_tour>
		<beer_name>Ironhead IPA</beer_name>
		<style>American IPA</style>
		<available>Year Round</available>
		<abv>6.5%</abv>
		<ibu>50</ibu>
		<flavors>citrus, herb</flavors>
		<glass>Pint</glass>
		<pairs_with>curry dishes, chocolate cake</pairs_with>
	</beer>
	<beer>
		<brewery>Revolver Brewing</brewery>
		<brewery_city>Granbury</brewery_city>
		<brewery_tour>Yes</brewery_tour>
		<beer_name>Mother's Little Fracker</beer_name>
		<style>Stout</style>
		<available>Seasonally</available>
		<abv>7.5%</abv>
		<ibu>60</ibu>
		<flavors>sweet, roasted character</flavors>
		<glass>Pint</glass>
		<pairs_with>roasted foods, barbequed or grilled foods, oysters </pairs_with>
	</beer>
	<beer>
		<brewery>Revolver Brewing</brewery>
		<brewery_city>Granbury</brewery_city>
		<brewery_tour>Yes</brewery_tour>
		<beer_name>Revolver Bock</beer_name>
		<style>Traditional Bock</style>
		<available>Year Round</available>
		<abv>6%</abv>
		<ibu>25</ibu>
		<flavors>caramel, toffee</flavors>
		<glass>Pilsner</glass>
		<pairs_with>jerk chicken, Cajun food, sausage</pairs_with>
	</beer>
	<beer>
		<brewery>Revolver Brewing</brewery>
		<brewery_city>Granbury</brewery_city>
		<brewery_tour>Yes</brewery_tour>
		<beer_name>Sidewinder</beer_name>
		<style>Southwest Pale Ale</style>
		<available>Year Round</available>
		<abv>6%</abv>
		<ibu>25</ibu>
		<flavors>agave nectar, citrus, maize, spices</flavors>
		<glass>Mug</glass>
		<pairs_with>fried foods, pizza, Mexican food</pairs_with>
	</beer>
</beer_list>